file,rows,dup,bad_ohlc,bad_price,zero_volume,first,last
000002_万 科Ａ,3200,0,0,116,0,2012-11-16,2026-09-01
000048_京基智农,3200,0,0,98,0,2012-09-26,2026-09-01
000156_华数传媒,3200,0,0,3,0,2006-03-29,2026-09-01
000333_美的集团,3086,0,0,571,0,2013-09-18,2026-09-01
000338_潍柴动力,3200,0,0,297,0,2013-07-03,2026-09-01
000403_派林生物,3200,0,0,160,0,2006-03-21,2026-09-01
000408_藏格矿业,3200,0,0,497,0,2012-08-29,2026-09-01
000429_粤高速Ａ,3200,0,0,502,0,2013-03-06,2026-09-01
000513_丽珠集团,3200,0,0,1,0,2013-03-11,2026-09-01
000568_泸州老窖,3200,0,0,808,0,2013-06-07,2026-09-01
000596_古井贡酒,3200,0,0,341,0,2013-07-05,2026-09-01
000651_格力电器,3200,0,0,769,0,2012-11-06,2026-09-01
000672_上峰材料,3200,0,0,293,0,2006-11-14,2026-09-01
000708_中信特钢,3200,0,0,439,0,2013-01-14,2026-09-01
000789_万年青,3200,0,0,3,0,2013-07-08,2026-09-01
000828_东莞控股,3200,0,0,1,0,2013-05-02,2026-09-01
000830_鲁西化工,3200,0,0,548,0,2013-06-24,2026-09-01
000858_五 粮 液,3200,0,0,727,0,2013-04-03,2026-09-01
000895_双汇发展,3200,0,0,5,0,2013-06-17,2026-09-01
000932_华菱钢铁,3200,0,0,341,0,2012-10-26,2026-09-01
000933_神火股份,3200,0,0,237,0,2013-06-04,2026-09-01
000937_冀中能源,3200,0,0,664,0,2013-06-27,2026-09-01
000951_中国重汽,3200,0,0,48,0,2013-07-08,2026-09-01
002001_新 和 成,3200,0,0,216,0,2013-06-18,2026-09-01
002003_伟星股份,3200,0,0,469,0,2013-02-20,2026-09-01
002014_永新股份,3200,0,0,197,0,2013-01-25,2026-09-01
002027_分众传媒,3200,0,0,415,0,2013-02-18,2026-09-01
002030_达安基因,3200,0,0,87,0,2013-04-12,2026-09-01
002032_苏 泊 尔,3200,0,0,612,0,2013-07-05,2026-09-01
002043_兔 宝 宝,3200,0,0,411,0,2013-01-11,2026-09-01
002050_三花智控,3200,0,0,145,0,2013-01-10,2026-09-01
002056_横店东磁,3200,0,0,4,0,2013-06-27,2026-09-01
002080_中材科技,3200,0,0,10,0,2012-12-24,2026-09-01
002085_万丰奥威,3200,0,0,74,0,2013-01-29,2026-09-01
002088_鲁阳节能,3200,0,0,336,0,2013-03-20,2026-09-01
002110_三钢闽光,3200,0,0,657,0,2012-05-11,2026-09-01
002142_宁波银行,3200,0,0,10,0,2013-06-26,2026-09-01
002179_中航光电,3200,0,0,8,0,2013-07-08,2026-09-01
002206_海 利 得,3200,0,0,42,0,2013-06-03,2026-09-01
002233_塔牌集团,3200,0,0,26,0,2013-05-07,2026-09-01
002242_九阳股份,3200,0,0,132,0,2013-05-27,2026-09-01
002271_东方雨虹,3200,0,0,35,0,2013-07-01,2026-09-01
002293_罗莱生活,3200,0,0,15,0,2013-06-05,2026-09-01
002304_洋河股份,3200,0,0,150,0,2013-07-08,2026-09-01
002352_顺丰控股,3200,0,0,2,0,2013-04-23,2026-09-01
002372_伟星新材,3200,0,0,457,0,2013-07-08,2026-09-01
002415_海康威视,3200,0,0,170,0,2013-04-25,2026-09-01
002432_九安医疗,3200,0,0,80,0,2013-05-09,2026-09-01
002460_赣锋锂业,3200,0,0,223,0,2013-03-08,2026-09-01
002463_沪电股份,3200,0,0,4,0,2013-07-08,2026-09-01
002516_旷达科技,3200,0,0,11,0,2013-05-08,2026-09-01
002533_金杯电工,3200,0,0,1,0,2013-05-30,2026-09-01
002540_亚太科技,3200,0,0,1,0,2013-06-21,2026-09-01
002543_万和电气,3200,0,0,6,0,2013-05-17,2026-09-01
002555_三七互娱,3200,0,0,359,0,2012-05-11,2026-09-01
002572_索菲亚,3200,0,0,26,0,2013-05-29,2026-09-01
002597_金禾实业,3200,0,0,257,0,2013-05-21,2026-09-01
002601_龙佰集团,3200,0,0,570,0,2013-01-25,2026-09-01
002626_金达威,3200,0,0,179,0,2013-02-25,2026-09-01
002677_浙江美大,3200,0,0,373,0,2013-03-20,2026-09-01
002709_天赐材料,3038,0,0,19,0,2014-01-23,2026-09-01
002714_牧原股份,3037,0,0,379,0,2014-01-28,2026-09-01
002756_永兴材料,2613,0,0,85,0,2015-05-15,2026-09-01
002833_弘亚数控,2350,0,0,1,0,2016-12-28,2026-09-01
002847_盐津铺子,2326,0,0,1,0,2017-02-08,2026-09-01
300009_安科生物,3200,0,0,33,0,2012-12-07,2026-09-01
300014_亿纬锂能,3200,0,0,10,0,2013-04-16,2026-09-01
300033_同花顺,3200,0,0,341,0,2013-07-05,2026-09-01
300274_阳光电源,3200,0,0,67,0,2013-06-03,2026-09-01
300296_利亚德,3200,0,0,28,0,2012-10-09,2026-09-01
300308_中际旭创,3200,0,0,224,0,2012-10-22,2026-09-01
300316_晶盛机电,3200,0,0,55,0,2013-01-25,2026-09-01
300327_中颖电子,3200,0,0,8,0,2013-07-01,2026-09-01
300390_天华新能,2869,0,0,132,0,2014-07-31,2026-09-01
300394_天孚通信,2792,0,0,1,0,2015-02-17,2026-09-01
300450_先导智能,2598,0,0,5,0,2015-05-18,2026-09-01
300573_兴齐眼药,2364,0,0,40,0,2016-12-08,2026-09-01
300628_亿联网络,2299,0,0,1,0,2017-03-17,2026-09-01
300684_中石科技,2106,0,0,1,0,2017-12-27,2026-09-01
300750_宁德时代,1998,0,0,2,0,2018-06-11,2026-09-01
600012_皖通高速,3200,0,0,305,0,2013-06-24,2026-09-01
600019_宝钢股份,3200,0,0,37,0,2013-02-18,2026-09-01
600036_招商银行,3200,0,0,449,0,2013-06-21,2026-09-01
600039_四川路桥,3200,0,0,826,0,2013-06-03,2026-09-01
600048_保利发展,3200,0,0,92,0,2013-06-27,2026-09-01
600057_厦门象屿,3200,0,0,9,0,2013-04-22,2026-09-01
600064_南京高科,3200,0,0,117,0,2013-07-05,2026-09-01
600066_宇通客车,3200,0,0,346,0,2013-05-20,2026-09-01
600096_云天化,3200,0,0,56,0,2013-05-17,2026-09-01
600104_上汽集团,3200,0,0,1,0,2013-06-05,2026-09-01
600132_重庆啤酒,3200,0,0,607,0,2013-06-25,2026-09-01
600153_建发股份,3200,0,0,309,0,2012-07-05,2026-09-01
600176_中国巨石,3200,0,0,346,0,2013-06-03,2026-09-01
600177_雅戈尔,3200,0,0,359,0,2013-05-08,2026-09-01
600183_生益科技,3200,0,0,440,0,2013-07-08,2026-09-01
600188_兖矿能源,3200,0,0,1777,0,2013-07-04,2026-09-01
600211_西藏药业,3200,0,0,15,0,2012-12-05,2026-09-01
600236_桂冠电力,3200,0,0,144,0,2013-04-25,2026-09-01
600256_广汇能源,3200,0,0,43,0,2013-05-13,2026-09-01
600282_南钢股份,3200,0,0,306,0,2013-04-17,2026-09-01
600285_羚锐制药,3200,0,0,1,0,2013-05-28,2026-09-01
600295_鄂尔多斯,3200,0,0,1085,0,2012-12-05,2026-09-01
600309_万华化学,3200,0,0,618,0,2012-12-11,2026-09-01
600325_华发股份,3200,0,0,86,0,2013-06-21,2026-09-01
600327_大东方,3200,0,0,1,0,2013-06-24,2026-09-01
600346_恒力石化,3200,0,0,630,0,2012-04-06,2026-09-01
600350_山东高速,3200,0,0,343,0,2013-06-24,2026-09-01
600377_宁沪高速,3200,0,0,208,0,2013-07-08,2026-09-01
600389_江山股份,3200,0,0,18,0,2012-11-14,2026-09-01
600398_海澜之家,3200,0,0,64,0,2013-04-15,2026-09-01
600426_华鲁恒升,3200,0,0,343,0,2013-06-27,2026-09-01
600438_通威股份,3200,0,0,592,0,2012-11-14,2026-09-01
600461_洪城环境,3200,0,0,16,0,2012-11-26,2026-09-01
600507_方大特钢,3200,0,0,849,0,2013-07-03,2026-09-01
600519_贵州茅台,3200,0,0,737,0,2013-07-08,2026-09-01
600546_山煤国际,3200,0,0,1251,0,2013-04-19,2026-09-01
600548_深高速,3200,0,0,293,0,2013-07-04,2026-09-01
600563_法拉电子,3200,0,0,31,0,2013-07-08,2026-09-01
600566_济川药业,3200,0,0,53,0,2013-03-19,2026-09-01
600585_海螺水泥,3200,0,0,110,0,2013-06-26,2026-09-01
600612_老凤祥,3200,0,0,16,0,2013-07-03,2026-09-01
600660_福耀玻璃,3200,0,0,408,0,2013-07-08,2026-09-01
600681_百川能源,3200,0,0,201,0,2012-05-04,2026-09-01
600690_海尔智家,3200,0,0,116,0,2013-02-19,2026-09-01
600741_华域汽车,3200,0,0,276,0,2013-05-24,2026-09-01
600750_华润江中,3200,0,0,48,0,2013-03-20,2026-09-01
600755_厦门国贸,3200,0,0,10,0,2013-06-27,2026-09-01
600779_水井坊,3200,0,0,183,0,2013-07-02,2026-09-01
600782_新钢股份,3200,0,0,219,0,2013-03-04,2026-09-01
600801_华新建材,3200,0,0,768,0,2013-07-03,2026-09-01
600809_山西汾酒,3200,0,0,995,0,2013-06-20,2026-09-01
600845_宝信软件,3200,0,0,88,0,2013-03-25,2026-09-01
600873_梅花生物,3200,0,0,25,0,2012-10-10,2026-09-01
600886_国投电力,3200,0,0,71,0,2013-04-01,2026-09-01
600887_伊利股份,3200,0,0,30,0,2013-05-24,2026-09-01
600900_长江电力,3200,0,0,454,0,2012-12-31,2026-09-01
600971_恒源煤电,3200,0,0,113,0,2013-07-08,2026-09-01
600985_淮北矿业,3200,0,0,10,0,2012-11-08,2026-09-01
601000_唐山港,3200,0,0,258,0,2013-02-25,2026-09-01
601003_柳钢股份,3200,0,0,178,0,2012-10-16,2026-09-01
601009_南京银行,3200,0,0,348,0,2013-06-26,2026-09-01
601012_隆基绿能,3200,0,0,4,0,2013-05-09,2026-09-01
601088_中国神华,3200,0,0,951,0,2013-03-14,2026-09-01
601100_恒立液压,3200,0,0,265,0,2013-05-09,2026-09-01
601126_四方股份,3200,0,0,3,0,2013-07-03,2026-09-01
601166_兴业银行,3200,0,0,203,0,2013-07-01,2026-09-01
601169_北京银行,3200,0,0,1,0,2013-05-08,2026-09-01
601216_君正集团,3200,0,0,325,0,2012-12-25,2026-09-01
601225_陕西煤业,3062,0,0,1334,0,2014-01-28,2026-09-01
601288_农业银行,3200,0,0,239,0,2013-07-08,2026-09-01
601318_中国平安,3200,0,0,325,0,2013-07-05,2026-09-01
601328_交通银行,3200,0,0,203,0,2013-07-08,2026-09-01
601398_工商银行,3200,0,0,97,0,2013-07-08,2026-09-01
601567_三星电气,3200,0,0,294,0,2013-04-17,2026-09-01
601636_旗滨集团,3200,0,0,225,0,2013-07-01,2026-09-01
601666_平煤股份,3200,0,0,270,0,2013-07-08,2026-09-01
601668_中国建筑,3200,0,0,320,0,2013-07-08,2026-09-01
601699_潞安环能,3200,0,0,431,0,2013-06-06,2026-09-01
601717_中创智领,3200,0,0,35,0,2012-08-31,2026-09-01
601799_星宇股份,3200,0,0,116,0,2013-04-24,2026-09-01
601818_光大银行,3200,0,0,4,0,2013-06-21,2026-09-01
601882_海天精工,2384,0,0,1,0,2016-11-07,2026-09-01
601899_紫金矿业,3200,0,0,352,0,2013-05-22,2026-09-01
601919_中远海控,3200,0,0,1760,0,2012-11-20,2026-09-01
601939_建设银行,3200,0,0,249,0,2013-07-08,2026-09-01
601988_中国银行,3200,0,0,118,0,2013-07-08,2026-09-01
603128_华贸物流,3200,0,0,19,0,2013-01-08,2026-09-01
603444_吉比特,2346,0,0,9,0,2017-01-04,2026-09-01
603519_立霸股份,2693,0,0,22,0,2015-03-19,2026-09-01
603606_东方电缆,2882,0,0,1,0,2014-10-15,2026-09-01
603688_石英股份,2876,0,0,9,0,2014-10-31,2026-09-01
603799_华友钴业,2783,0,0,1,0,2015-01-29,2026-09-01
